InitialPDFs, K_S, B_G_HAD, C_G_HAD, A_Q_HAD, B_Q_HAD, C_Q_HAD, A_Q_PL, B_Q_PL, A_G_HAD
SAL3LO,      0.300000, -0.384581, 3.000000, 0.439775, 0.256241, 1.000000, 0.000000, 0.000000, 0.162077
SAL4VADIMLO, 0.300000, -0.224452, 3.000000, 0.436453, 0.570871, 1.000000, 0.320468, 0.000000, 0.427143
SAL5LO,      0.300000, -0.202210, 3.000000, 0.524953, 0.665115, 1.000000, 0.348421, 0.648468, 0.482187
SAL3HO,      0.300000, -0.182473, 3.000000, 0.483074, 0.285813, 1.000000, 0.000000, 0.000000, 0.162793
SAL4VADIMHO, 0.300000, -0.215028, 3.000000, 0.491192, 0.505920, 1.000000, 0.247174, 0.000000, 0.267262
SAL5HO,      0.300000, -0.215028, 3.000000, 0.491192, 0.505920, 1.000000, 0.247174, 0.000000, 0.267262